{"monomials": ["1", "g_0**2", "f_0*g_0", "f_0**2", "g_0", "f_0"], "lyapunov_parameters": [[1.0232716166517573, 1.1490138697520478, -0.12995348551142874, 1.1490138704055617, -0.002914724476937602, -0.002914729666470016], [1.1472059902416278, 1.5728467838406024, -0.08424441685597238, 0.8736294196607204, -0.30091304824645115, 0.2585932733852542], [1.1472059900572813, 0.8736294191057628, -0.0842444160490389, 1.572846785338162, 0.25859328392965636, -0.30091303751854864], [1.0596517320755985, 0.9755813137583856, -0.2504456244018126, 2.004805556952082, 0.18628937913851398, -0.5566364329348137], [1.059651736713784, 2.0048055562259632, -0.2504456245824443, 0.9755813140056612, -0.5566364317950182, 0.18628937888025116]], "interior_parameters": [[-5.444964732268363e-12, 0.5638055472093313, -0.6383102563802554, 0.5638055470626515, -2.120396310534521e-07, -2.1203963080656867e-07], [-1.2646734609103633e-11, 0.5495201533874684, -0.34596573337793957, 0.5557688366955692, -2.0218143579095e-08, 1.532875798021066e-07], [-1.2646734620738108e-11, 0.5557688367805349, -0.3459657335712907, 0.5495201532816387, 1.5328757976671537e-07, -2.0218143606656768e-08], [1.5341320513792913, 0.6737473017794354, -0.8166091391963336, 0.9021850942582716, 0.44275738556706956, 1.1826486329675117], [1.5341320525408058, 0.9021850942785536, -0.8166091394174899, 0.6737473014935438, 1.1826486327527843, 0.44275738529109643]], "inequality_parameters": [[[1.0045021741711457, 0.7868693387069723, -0.1993863753788246, 1.0180174673941271, 0.09968448534060308, -0.017883991626794483], [NaN, NaN, NaN, NaN, NaN, NaN], [1.3041521270032572, 0.9640346259846074, 1.112991849634509, 2.2145706863667836, -0.5569969374665524, -1.2176221770179985], [1.0139151851805714, 0.6610096812314961, -0.3495398440952651, 1.0557053631937265, 0.1747382787664343, -0.05543145955799479], [0.9913509013810794, 0.9640346259846074, -0.8069946298021626, 0.9653818799997986, 0.40345473541490573, 0.0351350044757143]], [[1.0045021742711007, 1.0180174677939793, -0.19938637525350775, 0.7868693387218098, -0.0178839918783586, 0.09968448527744138], [1.3041521271356395, 2.2145706868866992, 1.1129918498211369, 0.9640346260022625, -1.2176221773296272, -0.5569969375624337], [NaN, NaN, NaN, NaN, NaN, NaN], [0.9913509014381481, 0.9653818802244, -0.8069946297665961, 0.9640346260022625, 0.035135004332137634, 0.403454735395637], [1.013915185377494, 1.0557053639805467, -0.3495398438178153, 0.6610096812644299, -0.055431460050191776, 0.1747382786255926]], [[6.284642042306842e-11, 0.4378873374561966, 4.503983215019373e-16, 1.0000000986454292, -8.659219980180951e-07, 2.9189721173765603e-18], [4.59476670236901e-11, 0.22187984867272467, -3.709193784266362e-15, 1.0000000986454292, -1.7251864630705718e-06, 4.645571509367368e-18], [3.9252359492040696e-11, 0.4605151057581005, 5.463679711181922e-16, 1.0000000986454272, 5.908196127368879e-06, 2.189704201968216e-18], [NaN, NaN, NaN, NaN, NaN, NaN], [1.441343495241799, 0.4605151057581005, 4.40115557780045e-15, 1.0000000986454267, 1.0392164758983522, -1.3566667248621295e-14]], [[6.284642042326599e-11, 1.0000000986454267, -7.2535514887087e-15, 0.43788733750055786, 3.1461441676244818e-15, -8.659219982199477e-07], [3.925235949976969e-11, 1.0000000986454298, 2.6838893646484174e-14, 0.46051510579531474, 6.730692190909737e-15, 5.908196128606624e-06], [4.5947667004472835e-11, 1.0000000986454278, -6.863187377175739e-16, 0.22187984871753233, -9.337742015609428e-16, -1.725186463399727e-06], [1.4413434952418007, 1.00000009864543, 3.69289748314982e-15, 0.46051510579531474, -8.814841987492822e-15, 1.0392164758440394], [NaN, NaN, NaN, NaN, NaN, NaN]]]}